Ticker,sentiment_score
AAPL,0.13
MSFT,-0.09
AMZN,0.48
GOOGL,0.09
FB,0.42
JPM,0.24
TSLA,0.15
V,0.07
JNJ,0.15
PG,0.2
NVDA,0.15
BRK.B,0.48
HD,0.3
MA,0.36
UNH,0.33
VZ,0.45
PYPL,0.05
DIS,0.41
CRM,0.32
INTC,0.19
XOM,0.51
CMCSA,0.27
T,0.31
WMT,0.53
KO,0.18
PFE,0.02
MRK,-0.17
CSCO,0.15
AAP,-0.37
COST,0.33
NFLX,0.14
CVX,0.02
ABT,-0.03
MCD,0.12
IBM,0
GS,0.26
SBUX,0.29